skill	name	ST	発動,時間	Delay	説明
** *	フラッグ ボックス召喚？？？				情報求ム ※ 仮置きです
キック 1	ジェット スラスター	15	0	600	足に仕込まれたノアストーンから爆発的な推進力を得て大ジャンプが可能になる,発動に必要なBuff : 仕込み靴
キック 1	エンチャント シュート	5	120	300	通常攻撃のようにエンチャントやクリティカル効果が付与される蹴り,発動に必要なBuff : エンチャント レッグ系,(エンチャント レッグ、エンチャント レッグ ファイアー、,エンチャント レッグ サンダー、エンチャント レッグ アイス)
キック 1	ラグビー ダッシュ,(Rugby Dash)	5	20	1500	敵陣に向かって猛ダッシュする,※ダッシュ中は移動速度が上昇し攻撃を回避できるが、テクニックは使用できずスタミナの消費が激しい,※WarAgeでは効果が無い,発動に必要なBuff : ボール キャリア
キック 40,戦闘技術 40	フット スウィープ,(Foot Sweep)	19	75	725	低い姿勢から素早く足を払い、相手を転倒させて隙をつくる
キック 60	飛燕脚,(Jumping Knee Butt)	28	100	1000	素早い飛び膝蹴りで対象を蹴り上げる,発動に必要なBuff : 荒くれ者 マスタリー or 酔拳士 マスタリー
キック 70	ギャラクシー ダイナマイト キック,(Galaxy Dynamite Kick)	33	325	1225	世界の法則を無視するかの如く繰り出される,移動可能な強烈ドロップキック,ヒット後は、アピールしないと気持ちが収まらない,発動に必要なBuff : 荒くれ者 マスタリー
キック 70,戦闘技術 70	マジック シュート,(Magic Shoot)	MP33	70	1270	MPを消費して魔力を身に纏うことで相手の魔法を蹴り返すことができる
キック 80,回避 80	インバース トルネード,(Inverse Tornado)	38	150	1650	逆さになって開脚した状態で高速回転する技
キック 80,筋力 80	ゲイル シュート,(Gale shoot)	38	80,(30-35)	950	高速で繰り出された蹴りから生じた 真空の刃が敵を襲う,反動で自らもダメージを受ける
キック 80,素手 80	八卦蹴撃陣,(Yin Yang)	38	150	2150	一時的にキックの威力と命中率を大幅に強化して、キック技のディレイを短縮する
キック 90,筋力 80	インフィニティ ラッシュ,(Infinity Rush)	45	200	1700	前方の敵に対して無数の蹴りを高速で繰り出す技,※最大で5HITする
キック70,こんぼう70	殲廻蹴撃	33	150	1300	両手用のこんぼう武器を地面に突き立てて全身で回転し、周囲の敵を蹴散らす技,※武器の攻撃力とキックのスキル値で威力が変化する,※キック効果上昇アイテムの影響は受けない
キック80,強化魔法50	ブーステッド レッグス,(Boosted Legs)	38	130	1030	一時的に脚力を増幅させる
キック80,攻撃回避80	クイックステップ,(Quick Step)	28	50	750	一瞬で対象との間合いをつめる
こんぼう 60	ヤンキー ウェイ,(Yankee Way)	28	920	1200	肩が触れた対象を威嚇し,理不尽な怒りを ぶちまける,発動に必要なBuff : チンピラ マスタリー
こんぼう 70,集中力 40	インパクト ウェーブ,(Impact Wave)	33	180	1200	大地を振動させて 衝撃波を生み出し 周囲の敵を吹き飛ばす
こんぼう 70,戦闘技術 70	ヘビー クラッシュ,(Heavy Crush)	33	180	1200	重量を生かした強烈な一撃,※武器の重さでダメージ倍率が変動します
こんぼう 8,罠 8	爆弾ノック	10	130	1200	伝説のバッター、現る
こんぼう 90,筋力 90	パワー インパクト,(Power Impact)	45	195	1300	渾身の力で振り下ろし大地ごと周囲の敵を打ち砕く
こんぼう 90,集中 40	フルスウィング,(Full Swing)	45	240	1500	構えた武器を渾身の力で振りぬき吹き飛ばす。
こんぼう 90,戦闘技術 60	ステークス ブロー,(Stake Blow)	45	200	1500	隙は大きいが渾身の力を込めて放つ一か八かの一撃,※0.5倍～3.0倍の範囲で倍率が変動します
こんぼう 90,戦闘技術 90	双棍乱舞,(Dual Blunt Ranbu)	45	500	1600	左右の棍棒から繰りだす連続攻撃,※全ての攻撃を発動させるには左右に片手棍棒を装備している必要があります。
こんぼう 90,破壊魔法 50	アーマー ブレイク,(Armor Break)	45	190	1300	魔力を込めた一撃で対象の防御力を無効化して攻撃する
こんぼう1	メダロット ハンマー	35	120	1500	防御を貫く渾身の一撃,※発動には近接武器を装備している必要があります,発動に必要なBuff : ロクショウ フォーム
こんぼう40	グレア アイ,(Glare Eye)	19	180	1180	周囲を睨みつける,睨まれたものは目を反らして 身動きが取れなくなる,発動に必要なBuff : チンピラ マスタリー
こんぼう70,集中20	リベンジ スイング,(Revenge Swing)	33	110	1000	放たれた魔法や遠距離攻撃を打ち返す
こんぼう80	Ｓ ブラント,(S Blunt)	38	200	1100	魂をこめた渾身の一撃,両手棍棒専用
こんぼう80	ゴッド ハンマー	38	150	1350	悪を滅する神の鉄槌 アンデッド系には大ダメージを与える,発動に必要なBuff : テンプルナイト マスタリー
こんぼう80	ハードネス ストライク	38	135	1300	防御力が高いほど対象にダメージを与える一撃,発動に必要なBuff : ブレイブナイト マスタリー
シャウト60,音楽 40	デストラクション インパルス	28	200	1000	気持ちが昂り手にした武器を対象に叩きつけて破壊する
シャウト70	モラール ブースター,(Morale Booster)	33	200	1700	後方にいる味方を鼓舞して 一時的に仲間の攻撃力を上昇させる,発動に必要なBuff : デュエリスト マスタリー
ダンス 80,持久力 70	ブレイク ダンス,(Break Dance)	38	480	1200	高度な技術と身体能力が必要なストリートダンス,ウィンドミルからのヘッドスピンにより周囲の敵を蹴散らす
ダンス30	フラ ダンス,(Hula Dance)	15	400	400	自分の周りにいる仲間のMP自然回復量を上昇させる,発動に必要なBuff : 南国気分
ダンス50,戦闘技術50	百花繚乱,(Flower Dance)	23	180	1600	花吹雪と共に高速で回転して敵の攻撃をはじき返し、魔法を無効化する防御技
ダンス70,音楽70	ライブ ステージ,(Live Stage)	33	510	1850	アイドルが踊りだすと 何処でもライブ会場に早変わり！,発動に必要なBuff : 新人アイドル マスタリー or オールド アイドル マスタリー
パフォ 1	ロケット発射,(Rocket Launch)	5	360	960	ロケットを打ち上げる,発動に必要なBuff : ゴーゴーロケット
パフォーマンス 20,攻撃回避 20	Ｓ.Ｂ.Ｇ,(SBG)	15	0	1500	仮想の敵からの攻撃を避けながら攻撃を返す練習
パフォーマンス 50,召喚魔法 20	タライ落とし,(Falling Tarai)	23	250	1140	対象の頭上にタライを召喚し落とす
パフォーマンス 70	ファイナル アルティメット ヒーロー ビーム,(Final Ultmate Helo Beam)	33	400	1680	ピンチの時に使用できるヒーローの必殺技,技を受ける者に避けてはいけない雰囲気を与える,※最大HPが3割以下で発動可能,発動に必要なBuff : コスプレイヤー マスタリー
パフォーマンス 70	フィニッシング エンド,(Finishing End)	33	350	1800	後方にいる悪を打ち倒す,トドメの大爆発,※爆発には火薬が必要,発動に必要なBuff : 荒くれ者 マスタリー,使用アイテム : エクスプロード ポーション
パフォーマンス 70	フィニッシング エンド スパーク,(Finishing End ”Spark”)	33	350	1800	後方にいる悪を打ち倒す,トドメの大爆発,※爆発には火薬が必要,発動に必要なBuff : コスプレイヤー マスタリー,使用アイテム : エクスプロード ポーション
パフォーマンス 90,死体回収 40	高速ツッコミ,(Highspeed Tsukkomi)	45	60	400	ボケを拾い続けることで身に着けた鋭いツッコミで,対象の攻撃や魔法を打ち消して無効化（Avoid）する
パフォーマンス1	Ｈ.Ｓ.Ｄ	5	20	520	移動速度は遅くなるが、逆立ちで移動できる
パフォーマンス30	マロン フラッシュ	15	200	1500	甘い栗のクリームでPTメンバーのHP,ST、空腹を回復する,発動に必要なBuff : モンブラン デコレーション
パフォーマンス30,精神30	Ｃ.Ｈ.Ｗ,(C.H.W)	59	500	1020	体内の精神力を一点に集中させ,一気に放出する超必殺技,その見た目は 相手を一撃で倒せそうな気にさせる
パフォーマンス40,ダンス20	Ｓ.Ｎ.Ｆ,(S.N.F)	19	520	1800	自分の周囲を明るく照らす,(サタデー ナイト フィーバー)
パフォーマンス60,ダンス40	Ｓ.Ｗ.Ｄ,(S.W.D)	28	220	2220	PTメンバーとダンスを踊り HP自然回復をUPさせる,(Shall We Dance?),発動に必要なBuff : S.N.F
パフォーマンス60,薬調合30	スター マイン,(Star Mine)	28	170	750	空高く舞い上がり 夜空に美しい大輪の花を咲かせる,使用アイテム : エクスプロード ポーション
パフォーマンス70,生命70	ファンタスティック ボディ,(Fantastic Body)	33	320	1000	鍛えぬかれたボディであらゆる攻撃を受け止める,発動に必要なBuff : 荒くれ者 マスタリー,素手専用(右手装備不可)
暗黒1	ゴースト ピクチャーズ	15	120	1320	霊を引き寄せる呪いの写真を撮る,,発動に必要なBuff : ノスタルジック カメラ
暗黒命令 1	漆黒の瘴気	30	160	1400	漆黒の瘴気が対象を包み、防御力と魔法抵抗力を低下させる,※プレイヤーには効果が無い,発動に必要なBuff : 憑神の力
暗黒命令 42,戦闘技術 42	魔王玉	30	240	1200	魔力の象徴である炎球を自在に操るラハールの必殺技
暗黒命令 60,死の魔法 50	カースド スクラッチ	28	150	1100	対象に呪いの傷痕を残し次に受ける攻撃のダメージを倍増させる,※ダメージ発生時に解除される
暗黒命令 90,死の魔法 40	グラビティ ダーク,(Gravity Dark)	45	150	1400	暗黒の力で対象の動きを止めて、最大HP20％分の魔法ダメージを与える,※最大で200ダメージを与える
暗黒命令 90,死の魔法 50	カース オブ デス,(Curse of Death)	45	200	3200	対象に死の呪いを与える,呪いを受けた者は90秒後に即死級のダメージを受ける
暗黒命令1	リリース オブ フォース	30	150	3300	両腕に封印された闇の力を解放することで攻撃ディレイを大幅に減少させる,※効果中は「束縛の鎖」のパッシブが消える,発動に必要なBuff : 束縛の鎖 マスタリー
暗黒命令1	インファント カーズ	20	150	1500	魔眼の力による幼児化の呪いで対象を弱体化させる,発動に必要なBuff : 悪魔の瞳
暗黒命令1	チャーリー フェスティバル	5	200	2200	魔女に仮装した小さなチャーリーを沢山呼び出すことができる。,発動に必要なBuff : なりきりチャーリー or プリティ チャーリー
暗黒命令20,攻撃回避20	イグゾースト,(Exhaust)	11	40	800	特殊な身のこなしで後方へ下がって敵との距離を取る技
暗黒命令50,死の魔法50	フィアー ドミネイション	23	150	1200	対象を恐怖で支配して動きを止め、MPを吸収する,※WarAgeではMP吸収効果のみ発動
暗黒命令60,死体回収60	ジェネレイト ボディ	28	150	2000	一定時間、闇の力で肉体が受けた傷やダメージを瞬時に再生する
暗黒命令60,精神力 40	暗黒玉	28	240	1400	暗黒エネルギーを溜めて放ち、敵を包囲して殲滅する技
暗黒命令70,死の魔法50	シール ミスト	29	150	2150	対象の周囲に一定時間、有益な効果を無効化する呪いの霧を発生させる
暗黒命令80	ソウル スレイブ	38	180	3000	召喚したペットに自分が受けたダメージを肩代わりさせる禁呪法,※召喚したペットと距離が離れすぎていると効果を失う,発動に必要なBuff : ネクロマンサー マスタリー
暗黒命令80,罠 60	暗黒捕縛陣	38	150	2150	魔力を込めた糸を蜘蛛の巣状に張り巡らせて敵を捕らえる
暗黒命令90,死の魔法50	サイコキネシス,(Psychokinesis)	45	240	1500	念力により周囲の敵の行動を制限する
音楽 1	アウトドア ライブ	5	150	2150	野外での演奏に適した大音量で音楽とシャウトの効果範囲を大きく上昇させる,さらに周囲のプレイヤーをノリノリにする。
音楽 40,ダンス 40	アイドル ソング,(Idol Song)	19	400	1500	歌の力で周囲の味方を勇気付けて、攻撃力と防御力を上昇させる,発動に必要なBuff : アイドル ステージ
音楽 50	スモーク マシーン	23	120	1620	周囲に煙のように見える高密度の蒸気を放出する装置を設置する,※スモークマシーンを座らせることで起動する,※スモークの範囲に入っている間、音楽の効果が上昇し、回避率が上昇する,発動に必要なBuff : 新人アイドル マスタリー or オールド アイドル マスタリー
音楽 70	ヴァンパイア ノクターン,(Vampire Nocturne)	33	250	1250	ヴァンパイアをイメージした幻想的な歌,周囲の敵から生命力を吸い取る,発動に必要なBuff : ブラッドバード マスタリー
音楽 70,ダンス 70	ダイアロス ポップス	33	300	1250	音楽と軽快なダンスで味方を鼓舞する歌,PTメンバーとペットの攻撃力を上昇させる,アイドル ソングを上書きする（併用不可）
音楽1	バーチャル ステージ	30	150	2150	3Dホログラムによってアイドルのステージを表示する,※バーチャル ステージを「座らせる」ことでバーチャル空間を起動する
音楽1	スタンドマイク,(Stand Mike)	5	120	2120	スタンドマイクを召喚する,スタンドマイクにライトポーションをトレードするとスポットライトが点灯します
音楽1	ポータブル ステージ	5	150	2150	携帯ステージを召喚する,※ 課金アイテムなので複合に記載。
音楽1	マニピュレイト メロディ	5	190	1690	笛の音色で街中のネズミを呼び寄せて操ることができる,発動に必要なBuff : ハーメルンの笛
音楽1	蓄音機召喚	5	150	750	BGMをリストから選択して自由に変更できる蓄音機を召喚する,※変更できるBGMは自分のクライアントのみです。,※追加のBGMリストは今後ゲーム内で入手可能になる予定です。,※ 課金アイテムなので複合に記載。
音楽1	癒しの音色,(Mystic of Healing Tone)	5	280	1000	美しい笛の音色で自分以外の周囲の味方を癒す,朧月笛セット同封の朧月笛(武器)要装備,,※（精錬）課金アイテム及び特定装備テクなので複合に記載。
音楽30,パフォーマンス30	共鳴	15	20	750	ケロケロケロケロ…,共鳴することでPTメンバー全員の自然回復量を増加させる
音楽40	薔薇のアンサンブル	19	120	750	PTメンバーとペットのクリティカル率を上昇させる,発動に必要なBuff : 薔薇のコンダクター
音楽50	ファッシネイト キッス	23	250	900	アイドルの投げキッスでハッスルする,※対象のスタミナが回復する,発動に必要なBuff : 新人アイドル マスタリー or オールド アイドル マスタリー
牙 1	フェンリル フォース	20	150	2150	巨狼フェンリルに変身して、攻撃力、移動速度、牙スキルの威力と命中が上昇する,※WarAgeでは効果がない,発動に必要なBuff : 魔法の枷
牙 40	チューチュー ドレイン	19	150	1200	頭に付いた口吻を突き刺して血を吸いスタミナに変換する,※WarAgeでは効果が無い,発動に必要なBuff : モスキート スナッチ
牙 60,盾 30	不浄衝撃盾,(Unclean Impact Shield)	27	110	1600	自分の周囲に赤黒い衝撃波を発生させ、防御と攻撃を同時に行う,※発動時に自身に魔法無効化の効果と周囲にダメージ+ノックバック効果を与える
牙 70,死の魔法 70	ポイズン バイト,(Poison Bite)	40	150	1300	対象の体内に直接毒を注入する
牙 80	ブラッド ムーン	38	150	2200	赤き月が頭上に現れるとき、闇の力が開放されて、魔力と魔法詠唱速度が上昇する,発動に必要なBuff : ネクロマンサー マスタリー
牙40	ライオニック フォーム	19	150	1600	百獣の王に変身して、一時的に攻撃力と移動速度が上昇する,発動に必要なBuff : 獅子の加護
牙60,自然調和60	ミスト フォーム,(Mist Form)	28	60	1000	霧に姿を変えて攻撃をかわす
牙80,暗黒命令50	ヴァンパイア フォーム,(Vampire Form)	38	80	1800	吸血鬼に変身する,牙の攻撃力と命中率が上昇し、通常攻撃に吸血の効果が付与される,さらに移動速度が上昇する ※War Ageでは効果が無い
解読 1	ウィークネス アナライズ	20	100	1600	対象の情報を解析して弱体化させる,発動に必要なBuff : アナリティクス
解読50,自然調和40	サーチ ディレクション	23	150	950	ターゲットがいる方向やターゲットと自分の距離を感じ取ることができる,※システムウィンドウに表示されます。
回復魔法1	いやしの風	20	130	650	回復魔法の効果を上昇させ、専用技 『 いやしの風 』 が使用できる,発動に必要なBuff : 風精霊の加護
回復魔法1	ピュア ホワイト	20	150	1050	浄化の光が周囲を包み 負の効果を１つ打ち消す,発動に必要なBuff : 白百合の加護
回復魔法70	マナ リチャージ	50	280	18280	大気中に漂うマナを吸収して消耗したマナを全回復させる,発動に必要なBuff : アルケミスト マスタリー or 魔力結晶
回復魔法70	ゴッド ブレス	33	150	7200	神へ祈りを捧げることで、神の祝福を受けてHPが全快する,発動に必要なBuff : テンプルナイト マスタリー
回復魔法80,神秘魔法80	セイクリッド フィールド,(Sacred Field)	38	150	2400	フィールド上に状態異常を無効化する聖域「 サンクチュアリ 」を展開する,※魔法陣内にいるプレイヤーは勢力にかかわらず、状態異常を解除するBUFFが付与される,※「 サンクチュアリ 」は一定時間が経過するか、一定ダメージで消滅する,使用アイテム : PNQ×３
弓 42,神秘魔法 42	フォーリン アロー,(Fallen Arrow)	48	155	1300	イエス！フォーリンアロー！
弓 60	ヒドゥン ショット,(Hidden Shot)	28	150	1100	一発目と同じ軌道で 防御不能な見えない二発目を射る,発動に必要なBuff : フォレスター マスタリー
弓 70,盗み 30	スティール ハート ショット	33	140	1200	ハートの矢で対象を射抜きHPを吸収する
弓 80,筋力 80	剛射	38	160	1200	少し射程が短くなるが、力を込めた一撃で対象の防御力を無視して大ダメージを与える
弓 80,呪文抵抗力 40	アブストラクション ショット,(Obstruction Shot)	38	160	1200	詠唱妨害効果のある矢を放つ
弓 90	アロー レイン,(Arrow Rain)	45	330	1100	上空に矢を放ち 無数の矢を雨のように降らす,発動に必要なBuff:フォレスター マスタリー
弓 90,キック 60	バラージ ショット,(Barrage Shot)	45	155	1300	強靭な脚力で飛び上がり、上空から前方の敵を一斉に射抜く
弓 90,集中力 30	チャージ ショット,(Charge Shot)	45	250	1200	力を込めた強力なショット
弓1	ラブ ショット,(Love Shot)	15	140	1500	ラブパワーが宿った矢で意中のあの子を狙い撃ち！,あの子のHPを回復してあげることで、あの子もキミにメロメロだ！,発動に必要なBuff : 愛のキューピット
弓10,自然調和10	ハヤメ,(Hayame)	9	100	1100	一時的に動体視力をアップさせて命中率が上昇する
弓60	Ｓ バインド,(S Bind)	28	160	900	直接ダメージは期待できないが、対象の動きを止めることができる
弓60	シャドウ バインド,(Shadow Bind)	28	160	900	直接ダメージは期待できないが、対象の動きを止めることができる,発動に必要なBuff 特殊効果:コンポジット ボウ,与ダメージ無し
弓90,神秘魔法70	メテオ ドライブ	45	200	1600	狙いを定めた対象に誘導した小型の隕石を落とす技
強化魔法 60,回避 60	アクセラレイター,(Accelerator)	50	30	1600	緊急救助用の加速機動システムにより瞬間的に移動速度を上昇させる
強化魔法 60,筋力 60	システム・オルタ,(System Alter)	28	180	2000	一時的に身体能力を強化して攻撃力と攻撃スピードを上昇させるが、体に負荷がかかり消費スタミナが増加する,※ジャンプで解除可能
強化魔法1	大地の守り	20	130	950	大地のマナを利用して自身の防御力と呪文抵抗力を上昇させる,発動に必要なBuff : 大地の加護
強化魔法80,呪文抵抗力50	イグニス フォーム	MP38	250	2250	太陽神の力を得て炎の化身となることで攻撃力が上昇し、,火属性の攻撃を吸収するが、耐水属性が大幅に低下する
強化魔法80,戦闘技術70	リミット ブレイク,(Limit Break)	38	260	1300	潜在能力を引き出し、爆発的に攻撃力を上げることができるが、,メイン攻撃以外使用できない※詳細は短評にて,※Buff枠を2つ使用する現在は1つ ジャンプで解除可能
筋力 1	ノアチャージ ショット	40	180	600	エネルギーを溜めて圧縮された巨大な気弾を放つ,※対NPCのみ使用可能,発動に必要なBuff : ノア チャージ
筋力 1	メダロット ガトリング	35	130	1800	防御不可能な5連射撃技,※威力は筋力スキルに依存します,発動に必要なBuff : メタビー フォーム
筋力 1	タンク キャノン,(Tank Cannon)	10	120	1320	背中に仕込んだ砲台から弾を発射する,発動に必要なBuff : 戦車リュック,発動毎に「弾」を消費する、種類不問
筋力 1	ノア バスター	10	40	40	威力は低いが連続で発動可能な気弾を放つ,※対NPCのみ使用可能、空中発動可,発動に必要なBuff : ノア チャージ
筋力 40	トゲトゲ チャージ	20	150	1150	トゲの付いた鉄球を身に纏い突撃する,※約24m先で範囲ダメージを与える,発動に必要なBuff : トゲトゲ パワー
筋力 40	スチーム バースト	19	150	1450	スタミナが徐々に減るが、蒸気の力で一時的に攻撃力を上昇させる,※WarAgeでは効果がない,発動に必要なBuff : 蒸気機関
筋力 50	ドラゴン テイル ウィップ	23	150	950	回転しながら尻尾で周囲の敵を薙ぎ払う,※竜化状態の時のみ使用可能,※筋力スキルは足りなくても発動可能,発動に必要なBuff : ドラゴン フォース
筋力 90,強化魔法 60	ジャイアント,(Giant)	MP50	150	3150	マナを消費して自らの身体を巨大化させる,※WarAgeでは効果が無い
筋力 90,戦闘技術 90	ムーンサルト ブレイカー,(Moonsalto Breaker)	45	150	1350	上空から回転の力を加えた強烈な一撃を対象の脳天めがけて打ち下ろす,※発動するには両手武器が必要
筋力40	ライオニック オーラ	19	150	2150	獅子の力を開放することで身体能力を10%上昇させる,発動に必要なBuff : 獅子の加護
筋力80,戦闘技術70	ジャイアント キリング	38	150	1500	一定時間、強力な敵を打ち滅ぼす力を得ることができる,※カオス系に対して特攻効果
攻撃回避 60,パフォ 20	バック フリップ,(Backflip)	27	20	1220	連続でバク転を行うことで、攻撃の的を絞らせず回避する技,※バク転中は徐々にスタミナを消費します,※行動を行うと解除されます
攻撃回避1	ドッジ マント	20	100	1300	ひらりとマントで物理攻撃や魔法を防ぐ,発動に必要なBuff : 高貴な騎士
攻撃回避80,集中力70	ゾーン タイム,(Zone Time)	39	100	1500	極度の集中状態となり、全ての物理攻撃を見切ることができる,※効果中に行動した場合、集中力が途切れて効果が解除される
採掘 1	チョコ ホット スプリング	5	270	2000	チョコの温泉を掘り当てる,※混浴です,ケンカになるので他の温泉の近くでは絶対に使用しないでください,発動に必要な装備 : つるはし
採掘 1	ドリル ディグ,(Drill Dig)	5	105	950	手に装備したドリル アームで採掘を行う,発動に必要なBuff : 採掘モード
採掘1	ディグホール	10	0	800	地面に穴を掘って地中を進むことができる,※移動速度は低下するが、敵に襲われにくくなる,※行動やジャンプで解除される,発動に必要なBuff : 穴掘り名人
採掘1	ホット スプリング	5	270	2000	温泉を掘り当てる※混浴です※ケンカになるので他の温泉の近くでは絶対に使用しないでください,発動に必要な装備 : つるはし
採掘30	ロック スマッシュ	15	220	870	硬い岩石やゴーレムをドリルで粉砕する技,発動に必要なBuff : 採掘魂
採掘40,伐採40	エキスパート センス,(Expert Sense)	45	140	1640	採掘と伐採の命中率を上昇させる,発動に必要なBuff : クリエイター マスタリー
栽培 1	グラス フィールド	5	60	480	wwwwwwwwwwwwwwwwwwwwwwwwwwwwww,ww種を植えて周囲に草を生やすww,wwwwwwwwwwwwwwwwwwwwwwwwwwwwww,使用アイテム : シード 10
栽培 1	クリスマスツリー召喚	5	200	1200	クリスマスツリーを設置する,クリスマスツリーを座らせるとエフェクトでライトアップされる
栽培 1	メイプル フィールド	5	60	480	周囲に紅葉が散ったフィールドを召喚する,使用アイテム : 腐葉土 1
栽培 1	もみじ召喚	5	200	1200	もみじの木を生やすことができる,もみじの木を座らせるともみじの葉が舞い散る
栽培 60,薬調合 60	マジック マッシュルーム	28	100	1300	敵を引き付ける胞子を放つ大きなキノコを召喚する,使用アイテム : 毒キノコ 1
栽培1	ブルー フラワー フィールド,(Mystic of Blue Flour Field),ピンク フラワー フィールド,ホワイト フラワー フィールド	5	60	480	お花畑を召喚する,※お花畑で座ると自然回復量が上昇する,使用アイテム : シード ×10
栽培1	一本桜	5	200	1200	一本の桜を咲かすことができる,桜の木を座らせると桜が舞い散る,※必要スキルに「栽培」がありますが、スキル値0でも使用できます。
死の魔法 70	ディメンター ソウル,(Dementor Soul)	33	200	2000	周囲に物理ダメージを与えて、与えたダメージの25%分のマナを回復する,発動に必要なBuff : ネクロマンサー マスタリー
死の魔法 70	ライフ ドレイン,(Life Drain)	33	170	1600	武器に吸魔の力を宿し、対象に与えたダメージの25%を回復する,※一部テクニックとDoT系には効果が反映されません。,発動に必要なBuff : イビルナイト マスタリー
死の魔法1	冥界送り	20	150	1000	瀕死の敵の魂を刈り取り、冥界へを送る技,※対象のHPが10%以下の場合のみ、効果が発動する,(与えることができるダメージは最大で200です。),発動に必要なBuff : アヌビスの力
死の魔法50	残夜の黒翼	23	120	1620	闇の力で身を守り、漆黒の翼が姿を隠す,発動に必要なBuff : ネクロマンサー マスタリー or イビルナイト マスタリー
死の魔法90	ダークネス フォース,(Darkness Force)	45	300	9999	自らの命を生贄に捧げ 闇の力を得る,※身体能力が大幅に上昇するが 一定時間後に術者は死ぬ,発動に必要なBuff : イビルナイト マスタリー
死体回収30,パフォーマンス30	鬼火,(Devil Fire)	15	150	2150	自分の周囲に人魂を呼び出す
持久力 1	超特急	30	0	750	超スピードで直進する,急には止まれないので注意！,※WarAgeでは効果がない,発動に必要なBuff : 高速鉄道
自然調和 1	グライディング	10	0	1200	ハンググライダーを利用して大空を滑空することが出来る,※空中で発動可能、着地で効果が解除される,※WarAgeでは効果が無い,発動に必要なBuff : ハンググライダー
自然調和 1	コントロール バーナー,(Control Burner)	5	0	400	バーナーの火力を上げて熱気球の硬度を上げる,※テクニック発動時に落下位置が変更されます。,発動に必要なBuff : 熱気球
自然調和 60	アシッド レイン,(Acid Rain)	28	280	1700	天に祈りを捧げて 強酸性の雨を降らせ、対象の防御力を低下させる,発動に必要なBuff : ドルイド マスタリー
自然調和 80	勇健の術	33	120	2120	身体を強化して毒や状態異常を解除し、一定時間防ぐ忍術,発動に必要なBuff : アサシン マスタリー と 秘奥義
自然調和 80,神秘魔法 20	水遁の術,(Ninja Art ”Water”)	38	250	1650	少量の水を触媒にして大量の水を口から吐き出す忍術,水属性ダメージと水圧によるノックバック効果を与える,発動に必要なBuff : アサシン マスタリー,使用アイテム : サモンス ウォーター
自然調和1	メダロット ステルス	35	200	2200	姿を消して不意打ちで大ダメージを与える,発動に必要なBuff : ペッパーキャット フォーム
自然調和1	グライディング フライト	5	60	1260	ムササビ スーツの飛膜を広げてグライダーのように滑空することができる,※空中で発動可能,※地面に接地すると効果が切れます。,発動に必要なBuff : ムササビ モード or 翼竜の飛翔
自然調和1	ファルコン グライディング	5	150	1350	大空へ向かって羽ばたき、空中を滑空するように移動する,※WarAgeでは効果が無い,発動に必要なBuff : 鳥になりたい
自然調和1	地中潜行	0	100	1300	地中を水中のように泳ぎながら移動できる,発動に必要なBuff : 土遁の術
自然調和30	仙気解放	30	150	2200	自然のエネルギーを身に纏い身体能力を強化する仙術,発動中は自然回復力が低下（停止）する,※WarAgeでは効果がない,発動に必要なBuff : 仙術
自然調和30,死体回収70	ソウル ハイド,(Soul Hide)	40	100	1100	自らの魂を自然に溶け込ませることにより気配を完全に消す
自然調和50	エア ジャンプ,(Air Jump)	23	0	180	空中でも発動可能な跳躍,発動に必要なBuff : アサシン マスタリー or アスリート マスタリー
自然調和50	木ノ葉風陣の術,(Ninja Art ”Leaf Guard”)	23	180	1780	自分の周囲を特殊な木の葉で覆い物理ダメージを軽減する術,発動に必要なBuff : アサシン マスタリー
自然調和60,自然回復40	ハートビート ヒーリング	28	150	1350	自然の力で対象の生命力を賦活し、継続回復効果を付与する
自然調和70,水泳70,自然回復70,持久力70	ラスト スパート,(Last Spurt)	40	60	1860	最後の力を振り絞って全力で走る
自然調和70,魔法熟練70,自然回復70	ネイチャー ヒーリング,(Nature Healing)	40	300	1500	大地の力を借りて、HP/MP/STの回復速度を高める
自然調和80	グローイング ツリー,(Growing Tree)	38	120	2120	生命の樹を呼び出し 周囲の味方を回復させる,発動に必要なBuff : ドルイド マスタリー,使用アイテム : シード×１
自然調和90,回復魔法60,魔法熟練60	大自然の息吹	100	300	7200	自然界のエネルギーを体内に取り込み魔力へ変換して放つことで,PTメンバーとペットの傷を完全に癒し、さらに負の効果を全て打ち消す
自然調和90,物まね90	霧隠れの術,(Kirigakure)	100	200	4000	自分の周りに霧を発生させて味方の姿を隠す,→ タゲ切り技,発動に必要なBuff : アサシン マスタリー
取引 1	フェアリーマルシェワゴン	30	150	750	可愛らしい荷車を召喚する
取引 1	×フラッグ召喚	5	150	750	バツが描かれた旗を召喚する,※特に効果はない
取引 1	○フラッグ召喚	5	150	750	マルが描かれた旗を召喚する,※特に効果はない
取引 1	ミニ茣蓙召喚	5	150	750	小さな茣蓙を召喚する,※ 茣蓙召喚の小さいバージョン
取引 50	リコール アンダーリング	23	200	2000	手下を呼び出して自分の代わりに戦わせる,※呼び出しには200G（J）が必要です。,発動に必要なBuff : チンピラ マスタリー or 傭兵マスタリー
取引1	こいのぼり	40	150	750	こいのぼりを立てる
取引1	のぼり召喚（メンバー募集）,(Banner ”Recruit”)	40	150	750	メンバー募集の旗を立てる
取引1	のぼり召喚（新商品）,(Banner ”New Item”)	40	150	750	新商品の旗を立てる
取引1	のぼり召喚（大安売り）,(Banner ”Bargain”)	40	150	750	大安売りの旗を立てる
取引1	のぼり召喚（冷やし中華）	40	150	750	冷やし中華の旗を立てる
取引1	フリー マーケット,(Free Market Space)	5	450	1450	フリーマーケット用のシートを足元に召喚する,※召喚した『フリマ スペース』を右クリックすることで,露店中に近くにいる客の呼び込みを行うことができる
取引1	プレゼント ボックス,(Present Box)	5	150	750	大きなプレゼントボックスを召喚する,※ 課金アイテムなので複合に記載。
取引1	茣蓙召喚,(Summon Goza)	5	150	750	***,※ 後に「ミニ茣蓙召喚」という類似の別テクニックが実装された
取引10	マイショップ(裁縫屋)	40	150	750	自分専用の裁縫屋店舗を設置することができる,「選べるマイショップボックス」の中身。緑色の屋根のお店。
取引10	マイショップ(食べ物屋),(My Shop ”Food”)	40	150	750	自分専用の食べ物屋店舗を設置することができる,「選べるマイショップボックス」の中身。黄色の屋根のお店。
取引10	マイショップ(鍛冶屋)	40	150	750	自分専用の鍛冶屋店舗を設置することができる,「選べるマイショップボックス」の中身。赤色の屋根のお店。,4種類のマイショップから１つ選んで入手できる,※アイテムスロットに1スロットの空きが必要です,※商人はついてきませんのでご注意下さい,※鍛冶屋、木工屋、裁縫屋、食べ物屋
取引10	マイショップ(木工屋)	40	150	750	自分専用の木工屋店舗を設置することができる,「選べるマイショップボックス」の中身。青色の屋根のお店。
取引12	クリスマス ショップ	25	150	1225	自分専用のクリスマス ショップを設置する事ができる,※必要スキルに「取引」がありますが、スキル値0でも使用できます。
収穫 40	エリア ハーベスト,(Area Harvest)	19	300	1200	専用の機材で周囲の草木をまとめて刈る技,発動に必要なBuff : チップソー
銃器 1	メダロット ハイパービーム	35	180	2000	ガードを貫通する強力なビームを放つ,※攻撃力と射程は武器に依存します,発動に必要なBuff : アークビートル フォーム
銃器 1	メダロット ブレイク	35	200	1800	対象の防御力に関係なく大ダメージを与える技,※攻撃力と射程は武器に依存します,発動に必要なBuff : ゴッドエンペラー フォーム
銃器 1	メダロット パワーライフル	25	130	1300	エネルギーを溜めて放つ高威力の射撃技,※攻撃力と射程は武器に依存します,発動に必要なBuff : アークビートル フォーム
銃器 1	メダロット ライフル	25	130	1200	エネルギーを溜めて放つ射撃技,※攻撃力と射程が武器に依存します,発動に必要なBuff : メタビー フォーム
銃器 1	メダロット レーザー	25	180	1400	圧縮された高エネルギーのガードを貫くレーザーを放つ技,※攻撃力と射程は武器に依存します,発動に必要なBuff : ゴッドエンペラー フォーム
銃器 1	バラージ ファイア	20	120	1600	対象に集中砲火を浴びせてダメージを与える,※銃器スキルが高いほどダメージが増加する,発動に必要なBuff : 支援ユニット
銃器 1	フレイムスロワー	20	200	1400	タンクに入った可燃性の液体を噴射して点火することで直線上に火炎を噴き出す,発動に必要なBuff : 液体燃料
銃器 1	ウォーター バズーカ,(Water Bazooka)	5	120	480	水鉄砲の水を勢い良く飛ばす専用技,発動に必要なBuff : ウォーター チャージ
銃器 70	グレネード ブラスト,(Grenade Blast)	33	250	1800	ハンド グレネードを投げつける,※爆発に巻き込まれ 自らもダメージを受ける,発動に必要なBuff:傭兵マスタリー
銃器 70	スナイパー ショット,(Sniper Shot)	33	190	910	遥か遠くにいる対象を狙い撃つことができる,攻撃を受けた者は詠唱を強制的に中断させられる,発動に必要なBuff : 傭兵 マスタリー
銃器 70	雷光弾,(Lightning Shot)	33	140	1200	ライトニング ブレイド の効果を込めて放つ魔弾,発動に必要なBuff : ライトニング ブレイド
銃器 70,精神力70	スクランブル ファイター	MP33	200	2200	魔力によって小型の戦闘機を具現化する
銃器 70,薬調合 60	睡眠ガス弾,(Sleeping Gas Shot)	33	155	1500	対象に直撃すると その周囲に強力な眠り効果のある,ガスを噴出させる,使用アイテム :グレート ソウバーリング ポーション1
銃器 80	ツイン ショット,(Twin Shot)	38	140	900	ガンファイター ハンドガン(片手銃)を装備時のみ発動可能・両手装備時は2連攻撃となる,,※（アイテムショップ）課金アイテムなので複合に記載。
銃器 80,戦闘技術 80	インファリブル ショット,(Infallible Shot)	38	140	1500	敵を捉えて狙い撃つことで確実に当てることができる技,※狙いが外れていた（ミスザマーク）場合は当たらない
銃器 80,鍛冶 40	徹甲弾	38	155	1500	金属の被帽で加工した特殊な弾で貫通力を高めて対象の装甲を貫く,※対象の防御力を無視してダメージを与える
銃器 80,破壊魔法 30	マジック ショット,(Magic Shot)	39	140	1300	魔法の弾を発射して直線上の敵を撃ち抜く
銃器 90,戦闘技術 90	アンガー スウィープ	45	200	1800	怒りにまかせて前方の敵に対して薙ぎ払うように銃を連射する,※発動には弾が最大5発必要,※狙いを定めないため、攻撃中は命中率が低下する
銃器 90,罠 70	グレネード弾,(Grenad Fire)	45	155	1500	対象に直撃するとその周囲を巻き込み燃え上がる,使用アイテム : グレート エクスプロード ポーション
銃器1	ウォーター バズーカ 2,(Water Bazooka 2)	5	120	480	水鉄砲の水を勢い良く味方に向かって飛ばす専用技,※水に濡れることで火属性ダメージを一時的に軽減する,発動に必要なBuff : ウォーター チャージ
銃器50	マシンガン プレイスメント	23	150	1950	オート機能を備えたマシンガンを設置する,※右クリックで手動による「 機銃掃射 」も可能です。,※手動で発動した方がより短い間隔で連射発動が可能です。,発動に必要なBuff : 傭兵 マスタリー
銃器60	Ｑ ショット,(Q Shot)	38	160	1200	銃器のディレイを大幅に短縮できる,※攻撃力上昇系の技や魔法と重複しません
銃器60	クイック ショット	38	160	800	攻撃力は低下するが、銃器のディレイを大幅に短縮できる,発動に必要なBuff 特殊効果:ドワーヴンライフル
銃器70,回復魔法20	ヒーリング ショット,(Healing Shot)	33	135	800	癒しの魔力を弾丸に込めて 味方を撃つ
銃器90,神秘魔法40	リコール ハンティング ガン	45	150	2500	遠隔操作が可能な4丁の猟銃を特殊召喚する技,使用アイテム : ペーパー ドール 4
盾 40	呪いの藁人形,(Curse of Straw Doll)	21	135	1200	藁人形でガード中に攻撃を受けた場合、藁人形の呪いを対象に発動する,発動に必要なBuff : 藁人形の呪い*1
盾 60	アブソーブ ガード	27	110	1460	盾でダメージ回避した分のHPを回復するガード技,※ダメージを完全回避した場合でも回復する上限は100となります,発動に必要なBuff : ウォーリアー マスタリー or ブレイブナイト マスタリー, or パーフェクト・ウォリアー or シュッツァー
盾 60	メドゥーサ ガード,(Medusa Guard)	27	135	1200	ガードに成功するとメドゥーサの瞳が発動して対象を石化させる,発動に必要なBuff : アイギスの盾
盾 60,戦闘技術 40	ブレイク カウンター,(Break Counter)	27	120	1200	相手のガードブレイク技を防いでカウンターでスタンさせる技,※通常の攻撃は防げない
盾 70	かばう	33	20	1300	味方一人のダメージを一定時間肩代わりする,※Buffが付与されていても範囲外の場合はダメージを肩代わりしません。,発動に必要なBuff : ブレイブナイト マスタリー
盾 70	ランタン ブレイド,(Lantern Blade)	33	100	900	盾についた剣で切り裂き、同時に盾に仕込まれたランタンの明かりで目つぶしの効果を与える,発動に必要なBuff : ランタン シールド*1
盾 80	ヴフト シュトース,(Mystic of Wucht Stoss)	38	170	900	対象の攻撃を受け流して 所持している武器で鋭く突き刺す,発動に必要なBuff : ヴァイス
盾 80	ショルダー チャージ	38	150	1200	防御力が高いほどに対象に大ダメージを与えることができる,発動に必要なBuff : ブレイブナイト マスタリー
盾 80,着こなし80,攻撃回避10 以下	金剛の構え	38	200	2200	その場から動けなくなるが、自分の防御力以下のダメージを無効化し、攻撃した者のヘイトを上昇させる,※一撃で防御力以上のダメージを受けた場合、効果が解除される
盾 90	キャッスル オブ ストーン	45	150	7200	不動の構えを取ると同時に石の城砦のような防御力を発揮し、ごく短時間だがあらゆるダメージを受け止める,発動に必要なBuff : ブレイブナイト マスタリー
盾 90	プロテクト ガード,(Protect Guard)	45	120	1920	範囲内にいるPTメンバーのダメージを一定時間肩代わりする,※Buffが付与されていないPTメンバーとBuffが付与されていても,範囲外のPTメンバーのダメージは肩代わりしません。,発動に必要なBuff : ウォーリアー マスタリー or ブレイブナイト マスタリー
盾1	Total Protection,(Total Protection)	5	300	35300	一度だけ物理ダメージを軽減することができる,※ダメージを93％防ぐ。ダメージを受けると効果消滅,※マカフィー シールドを装備すると必要Buff点灯,発動に必要なBuff : Total Protection Service
盾60	フォートレス	28	150	1900	防御力が上昇し、ノックバックに対して踏み止まることができる,発動に必要なBuff : ブレイブナイト マスタリー
盾90,神秘魔法70	プロテクト オーラ,(Escutcheon)	45	180	1500	守りのオーラをPTメンバーへ飛ばし、一度だけ攻撃を軽減、又は無力化する
召喚魔法 1	望遠鏡	5	150	750	遠くを見ることができる望遠鏡を設置する
召喚魔法1	かまくら,(Snow Dome)	30	150	2150	大きなかまくらを召喚する,※かまくらの中で座ると自然回復量が上昇する
召喚魔法1	ましゅかまくら	30	150	2150	いやしましゅまろの形をしたかまくらを召喚する
召喚魔法1	ブラックマジック エンハンス	20	130	1150	召喚したペットの攻撃力と魔力が上昇するが、代償にダメージが増加する,※スキルが足りなくても発動可能、召喚魔法スキルで効果量が上昇する,発動に必要なBuff : 黒魔術の書
召喚魔法1	出でよ、我が眷属！	10	150	2400	6匹のファミリア バットを同時に召喚する,ファミリア バットは吸血技を使用した時や死亡時にプレイヤーのHPを回復させる,発動に必要なBuff : 主の証,使用アイテム : アイボール 6
召喚魔法1	助けて！弁天丸,(Help BentenMaru)	5	150	10950	『宇宙海賊船 弁天丸』を別の空間から呼び寄せる。,使用アイテム : ノア クリスタル 1,※ 限定・課金アイテムなので複合に記載。
召喚魔法78	助けて！なのはさん	78	200	7800	ミッドチルダ式魔導を扱う空戦魔導師「高町なのは」を呼び出して助けてもらえる,※一度だけ「ディバインバスター」で攻撃してくれます。,※WarAgeでは呼び出せません。
神秘魔法 1	プラネタリウム	5	150	750	半球状の巨大なドームを出現させる,※WarAgeでは召喚できない
神秘魔法 50	バタフライ イリュージョン	23	150	1150	対象へ無数の幻蝶を放ちダメージを与え、鱗粉の効果で混乱させる,発動に必要なBuff : 蝶の舞
神秘魔法1	レイジングハート セットアップ！	30	600	18000	一定時間、魔法少女に変身して魔力上昇と魔法の射程増加効果を得る,※WarAgeでは使用できない,発動に必要なBuff : スタンバイモード
神秘魔法1	鏡花水月	20	100	1000	水面に映った幻の虚像を攻撃させることで物理攻撃を回避する,※物理攻撃以外を受けた場合は効果が消滅する,※スキルが足りなくても発動可能、神秘魔法スキルで効果量が上昇する,発動に必要なBuff : 水神の力
神秘魔法1	ペイント カラー(黒)	5	20	500	一定時間で消える特殊なインクで地面を真っ黒に塗りつぶす,※ 座る事で解除が可能,発動に必要なBuff : ペインター,使用アイテム : カラー インク
神秘魔法1	ペイント カラー(青)	5	20	500	一定時間で消える特殊なインクで地面を青くに塗りつぶす,※ 座る事で解除が可能,発動に必要なBuff : ペインター,使用アイテム : カラー インク
神秘魔法1	ペイント カラー(赤)	5	20	500	一定時間で消える特殊なインクで地面を赤くに塗りつぶす,※ 座る事で解除が可能,発動に必要なBuff : ペインター,使用アイテム : カラー インク
神秘魔法1	ペイント カラー(緑)	5	20	500	一定時間で消える特殊なインクで地面を緑に塗りつぶす,※ 座る事で解除が可能,発動に必要なBuff : ペインター,使用アイテム : カラー インク
神秘魔法1	ボリテイション,(Volitation)	5	20	1000	レビテイション中に使用することで一定時間飛行能力を得ることができる,※高低差を変更することはできません。,発動に必要なBuff : レビテイション
神秘魔法1	マジカル ウィグル ブラシ,(Magical Wiggle brush)	5	20	500	僅かな魔力で誰でも使えるアートスペル,足元に残したラインがくねくねと動き出す,※座る事で解除が可能,使用アイテム : カラーインク1
神秘魔法1	マジカル ブラシ(青),(Magical Brush Blue)	5	20	500	足元に色を残しラインを描くことができる,使用アイテム : カラー インク
神秘魔法1	マジカル ブラシ(赤),(Magical Brush Red)	5	20	500	足元に色を残しラインを描くことができる,使用アイテム : カラー インク
神秘魔法1	マジカル ブラシ(緑),(Magical Brush Green)	5	20	500	足元に色を残しラインを描くことができる,使用アイテム : カラー インク
神秘魔法1	マジカル ルーレット	5	150	1650	ルーレットで止まった色によってさまざまな効果が付与される魔法具を召喚する,※最大で一度に5種類まで付与されるが、ドクロに止まった場合は全てのBUFFが解除されて、HP/ST/MPが1になる,※1プレイ：500G
神秘魔法1	レビテイション,(Levitation)	5	200	800	その場で浮くことができる
神秘魔法1	ホーム レコード	0	100	500	ホームレコーダーを介して、レコードポイント/ホームポイントを記録する
神秘魔法30	ムーン フォース	15	250	2050	月の光を浴びることで魔力と呪文抵抗力が上昇する,※夜の間は効果が2倍になる,発動に必要なBuff : 月の加護
神秘魔法80,強化魔法80	グラビティアクシス	38	150	2150	時間の流れが加速する特殊な領域を展開する
神秘魔法90,呪文抵抗力80	タケミカヅチ,(Takemikaduchi)	45	120	3720	己の肉体に雷の力を取り込み、反応速度を極限まで高める技,※効果が切れると反動により、HP/ST/MPが激減する
水泳 1	ファイティング ウオ	10	150	1500	果敢に戦う魚達を5匹呼び出す,発動に必要なBuff : クマノミの加護
水泳 30	Ｃ.Ｒ.Ｌ	19	20	1520	走るよりも早く地面を泳ぐように移動することが出来る,※WarAgeでは効果が無い
水泳 60	鮪型魚雷	28	150	1050	追尾式の鮪型魚雷を操り敵を撃沈する,※地上でも発動可能です,発動に必要なBuff : 海戦士 マスタリー
水泳 60,自然調和60	ダイビング グラウンド	28	20	1500	地面に潜って地面を水面のように泳ぐことができる,効果中は移動速度で少し上昇して物理攻撃がすり抜ける,※ジャンプや行動で解除される
水泳 90	ネプチューン スキン,(Neptune Skin)	45	180	2000	海神の加護で水属性の攻撃を吸収して、回復に変換することができる。,発動に必要なBuff : 海戦士 マスタリー
水泳30	ケロっと ショット	15	140	1240	対象を背中の水鉄砲でずぶ濡れにして移動速度を低下させる,発動に必要なBuff : ウォーター タンク
生命 50	ファイアー バード,(Fire Bird)	23	200	1500	不死鳥の炎を身に纏い、両腕を広げて突進して前方に火属性のダメージを与える技,発動に必要なBuff : 不死鳥の力
生命力 1	プロテクション バリア	MP15	120	1300	攻撃や魔法から身を守る保護障壁を展開する,発動に必要なBuff : オート プロテクション
生命力 1	ドラゴン フォース	50	150	3150	漆黒の竜に変身して攻撃力と防御力と牙スキルの威力が上昇して、回避が低下する,発動に必要なBuff : 竜化の秘法
生命力 1	メダロット フルチャージ	35	200	4200	溜めたエネルギーを開放してHPを大回復し、デバフを解除する,※回復量は生命力スキルに依存します,発動に必要なBuff : ディアステージ フォーム
生命力 30	カオス ブレイカー,(Chaos Breaker)	20	200	900	カオス生物に対して絶大な威力を持つ生命エネルギーを放つ技
生命力 70,神秘魔法 20	火竜の咆哮,(Fire Dragon Iron Roar)	33	150	1550	口から灼熱の炎のブレスを放つ
生命力40,持久力40	いやしのくうかん	21	184	1840	みんなでぴょんぴょんたのしいな♪
生命力70	レゾナンス フォース,(Resonance Force)	9	100	1100	特殊テクニックが使用可能になる,使用可能技 → レゾナンスフォース使用技
生命力80,持久力80	エンデュランス,(Endurance)	38	120	2320	即死級のダメージを受けても一度だけ HPが1残り耐えることができる,発動に必要なBuff : ウォーリアー マスタリー or ブレイブナイト マスタリー, or パーフェクト・ウォリアー
精神 70,知能 50	マインド ショット,(Mind Shot)	40	180	1380	マナを一点に集約させて弾丸のように放つ技
精神力 1	サイコキャノン,(Psycho Cannon)	MP60	180	1080	ノアガンアームにチャージされたノアストーンのエネルギーを放出する,発動に必要なBuff : サイコチャージ
精神力 1	ラブリー チョコレート	MP30	130	650	自分以外の対象に無償の愛でMPを分け与える,※スキルが足りなくても発動可能,発動に必要なBuff : スウィート ハート
精神力 1	アンチ マジック シェル	30	150	2200	一時的に魔法のダメージを軽減するバリアを展開する,発動に必要なBuff : シェル ガード
精神力 1	ピーチ キャノン	20	130	450	杖の力を借りて桃のエネルギー弾を放ち、与えたダメージの20％分MPが回復する,※スキルが足りなくても発動可能、精神力スキルで威力が上がる,発動に必要なBuff : 桃の加護
精神力 1	マナ バースト,(Mana Burst)	20	0	300	マナを消費して瞬間的に加速させることができる,※WarAgeでは効果が無い,発動に必要なBuff : ライド バイク
精神力 150,集中力 150	ヒーロー タイム	100	110	32400	全ステータスが跳ね上がり、どんな敵も一撃で倒し,あらゆる攻撃が当たらず、大爆発に巻き込まれても平気になる
精神力 30	チェイン オブ バインド	20	200	1200	魔力で鎖を操作し、敵を捕縛して無力化する,※ダメージで解除される,発動に必要なBuff : ペンデュラム
精神力 30	大樹の奇跡,(Miracle of Big Tree)	15	140	1500	大樹の力により範囲攻撃の範囲が少し増加する,※WarAgeでは効果が無い,発動に必要なBuff : 大樹の加護
精神力 60,神秘魔法40	桜花乱舞	28	150	2150	桜の魔法陣を展開して周囲にいる味方のダメージを軽減する
精神力 70,強化魔法70	エンハンスド ブレイカー	MP33	160	1140	魔力の50％を攻撃力に上乗せして強力な一撃を放つ,Hit時に魔法の詠唱を中断させる
精神力 70,知能 50	ベルカ式魔法陣(ヴィータ),(Belka Circle Vita)	33	200	2200	足元に古代ベルカ式の魔法陣を展開させて魔法陣内にいるキャラクターの攻撃力を増加させる,※WarAgeでは効果が無い,使用アイテム : PNQ×３
精神力 70,知能 50	ベルカ式魔法陣(はやて),(Belka Circle Hayate)	33	200	2200	足元に古代ベルカ式の魔法陣を展開させて魔法陣内にいるキャラクターの攻撃範囲を増加させる,※WarAgeでは効果が無い,使用アイテム : PNQ×３
精神力 70,知能 50	ミッドチルダ式魔法陣(なのは),(Mid Circle Nanoha)	33	200	2200	足元にミッドチルダ式の魔法陣を展開させて魔法陣内にいるキャラクターの魔力と魔法の射程を上昇させる,※WarAgeでは効果が無い,使用アイテム : PNQ×３
精神力 70,知能 50	ミッドチルダ式魔法陣(フェイト),(Mid Circle Fate)	33	200	2200	足元にミッドチルダ式の魔法陣を展開させて魔法陣内にいるキャラクターの回避と移動速度を上昇させる,※WarAgeでは効果が無い,使用アイテム : PNQ×３
精神力 80,精神力 60,戦闘技術 60	ギガンテック ウェポン,(Gigantic Weapon)	39,28	180	1500	魔法の力で武器を巨大化して一刀両断にする技,※発動するためには両手持ちの近接武器が必要です
精神力 80,魔法熟練60	エクステンション サークル	38	200	2200	周囲に球状の魔法陣を展開させて,魔法陣内にいるキャラクターの射程、攻撃範囲を増加させる,※WarAgeでは効果がない,使用アイテム : ピュア ノア キューブ 3
精神力1	フル スロットル	MP40	0	1200	アクセル全開でぶっ飛ばす！！,マナを消費して一時的に移動速度を大幅に上昇させることができる,※WarAgeでは効果が無い,発動に必要なBuff : ドライビング or レッドゾーン
精神力1	エンジェル フォール	5	0	1500	不思議な魔石の力でゆっくりと浮遊しながら落下することができる,※効果中に地面に届かない場合はダメージを受ける,発動に必要なBuff : 魔石の力
精神力1	妖力解放,(Magical Power Release)	5	150	54000	九尾の妖力を解放することで一時的に魔力を大幅に上昇させるが、体にかかる負荷も大きい,※再使用には魔力回復のために時間がかかる,発動に必要なBuff : 九尾の力
精神力30	Ｍ インパクト,(M Impact)	15	80	900	魔力を込めた光の珠を飛ばす,※精神力が高いほど威力があがる技,両手武器専用
精神力30	マインド インパクト,(Mind Impact)	15	80	680	魔力を 込めた光の弾を飛ばす,※精神力が高いほど威力が上がる技,発動に必要なBuff : ナールドスタッフ
精神力40	蛇帯乱舞	21	150	1500	蛇帯が周囲を乱れ飛び敵を切り刻む,発動に必要なBuff : 蛇帯
精神力50,知能50	アジリティ サークル,(Agility Circle)	23	200	2200	足元に魔法陣を展開させて,魔法陣内にいるキャラクターの回避と攻撃速度を上昇させる,使用アイテム : PNQ×３
精神力50,知能50	マジック サークル,(Magic Circle)	23	200	2200	足元に魔法陣を展開させて,魔法陣内にいるキャラクターの魔力とMP回復速度を上昇させる,使用アイテム : PNQ×３
精神力60,戦闘技術50	幻桜	28	200	1800	桜吹雪と共に姿を消し、不意の一撃で攻撃がクリティカルになる
精神力80,魔法熟練80	グレート マジック サークル	38	150	2400	巨大な魔法陣を展開して術者の魔力と詠唱速度を上昇させる,使用アイテム : PNQ×３
戦闘技術 1	立体機動,(3D Maneuver)	5	20	420	対象にアンカーを撃ち込み、ワイヤーを巻き上げることで高速移動ができる。,※対象は採取可能なオブジェクト、アクションポイント、巨人,発動に必要なBuff : 立体機動装置
戦闘技術 60,キック 90	ネオ トルネード,(Neo Tornado)	45	295	1250	周囲の敵を引き寄せ、蹴り飛ばす
戦闘技術1	巻藁召喚	5	60	360	試し斬り用の巻藁を召喚する,※右クリックで破壊可能/破壊不能を切り替えることができる,※フラグは共通のため、設置した全ての巻藁に適応される,使用アイテム : わら 1
戦闘技術1,パフォーマンス1	バトル オーラ,(Battle Aura)	20	180	1180	全身から闘気を解放して相手を威嚇する,気持ちが高まって戦闘力がほんの少し上昇する
戦闘技術40	ウォークライ,(Warcry)	19	180	1180	雄叫びを上げて周囲の敵を怯ませ、足止めする,発動に必要なBuff : ウォーリアー マスタリー or パーフェクト・ウォリアー
戦闘技術50,盾 50	アンカー ハウル	23	220	1600	裂帛の雄たけびを上げることで敵に自分が脅威であることを知らしめ、瞬間的に自分への敵対心を煽る,同時に自身も戦いに備えることで、短時間ではあるが防御力上昇する
戦闘技術50,盗み 30	アーリー スラスト	23	40	900	相手の弱点をマーキングし、マーキングを狙うことで1度だけダメージを増加させる,※ダメージを与えるとマーキングが解除される,※発動には右手に近接武器を装備している必要がある
戦闘技術60	シバルリー スピリッツ	28	280	1780	背後に守るべき者が多いほど体力（HP）を回復する,発動に必要なBuff : ウォーリアー マスタリー or ブレイブナイト マスタリー
戦闘技術60	テンションアップ	28	150	1950	テンションを上げることで一定時間、範囲攻撃の範囲が広がる,発動に必要なBuff : ウォーリアー マスタリー or ブレイブナイト マスタリー
戦闘技術60	リコール トイソルジャー	28	150	1500	複数の兵士を同時に呼び出す,※発動には一人当たり200G(J)×4人分の800G(J)が必要です。,発動に必要なBuff : 傭兵 マスタリー,使用Gold(Jade) : 800
戦闘技術70,攻撃回避90	バック ステップ,(Back Step)	28	20	500	後ろへ飛ぶことにより攻撃を避ける
戦闘技術80,筋力 80	マスター ストレングス	38	120	1500	次の物理攻撃で与えるダメージが2倍以上になる,※他の行動をとると技の効果はキャンセルされる
戦闘技術80,神秘魔法80	チェンジ エナジー,(Change Energy)	0	200	1200	HPをスタミナへと変換することができる
戦闘技術80,生命力 80	バリアント ブロウ	38	140	1800	ピンチになるほど威力が上昇する逆転の一撃,HPが50％以下で発動できる,※確率でクリティカルの効果が発生する
戦闘技術90,攻撃回避90,筋力90,包帯90,精神力90	プロストレイト,(Prostrate)	33	240	1200	威厳に満ちたオーラで周囲の敵を平伏させる,1の固定ダメージ
戦闘技術90,盾60	ウェポン ガード,(Weapon Guard)	28	190	900	装備している両手武器で敵の直接攻撃を防御する,両手武器専用
素手 1	メダロット サンダー	25	100	1300	対象にダメージを与えて麻痺させ、一時的に行動不可能状態にする,※発動には近接武器を装備している必要があります,発動に必要なBuff : ペッパーキャット フォーム
素手 1	メダロット フリーズ	25	120	1300	対象にダメージを与え凍結させ、凍結中は防御と回避が0になる,※ダメージを受けると解除される,※発動には接近武器を装備している必要があります,発動に必要なBuff : ディアステージ フォーム
素手 1	アトラクション フォース	15	200	1000	対象に磁性を与えて左手の磁力で引き寄せる,発動に必要なBuff : 磁力操作
素手 30	バックハンド チョップ,(Backhand Chop)	15	120	980	対象の胸元めがけて 水平にチョップする,発動に必要なBuff : 荒くれ者 マスタリー
素手 40	ライジング ドラゴン,(Rising Dragon)	30	180	1300	右腕に封印された龍神の力を解放して大ダメージを与える,発動に必要なBuff : 封印されし龍神
素手 50,神秘魔法 20	火竜の鉄拳,(Fire Dragon Iron Fist)	23	90	1200	炎を纏った拳で敵を殴りつける,※ドラゴンタイプに特効効果あり
素手 60	張り手	28	160	1000	両腕から強烈な張り手を繰り出して敵を押し出す,発動に必要なBuff : 力士
素手 60	毒霧,(Green Mist)	28	150	1050	口に含んだ特殊な液体を対象の顔めがけて吹きかけて視界を奪う,発動に必要なBuff : 荒くれ者 マスタリー,使用アイテム : 練りワサビ
素手 70	フライング ボディプレス	33	160	1200	空高く飛び上がり対象に自身の体を浴びせる技,発動に必要なBuff : 荒くれ者 マスタリー
素手 8,生命力 8	ラブナックル！,(Love Knuckle)	12	180	1050	ただ全力で放つ愛の拳！この気持ち！まさしく愛です！
素手 80,キック 80	ローリング ラリアット,(Rolling Lariat)	38	120	1200	軸足を中心に独楽のように回転しながら相手の首元にラリアットを決める
素手 80,キック 80	功夫乱舞,(Kung Fu Ranbu)	30	280	1500	拳と蹴りによる華麗な舞で周囲の敵を蹴散らす連撃
素手 80,筋力 80	グランド インパクト,(Ground Impact)	38	200	1800	力を込めた一撃が地面を伝わって広がり周囲にいる敵にダメージを与える
素手 80,攻撃回避 80	コンビネーション ラッシュ,(Combineation Rush*2)	39	140	1300	隙の少ない連打で確実に対象へダメージを与える
素手 80,精神力 50	龍気発勁,(Releage Internal Power)	38	200	1000	大地に流れる気を集めて放出する技
素手 80,戦闘技術70	閃光裂破拳	38	100	1000	光を纏った拳の一撃による衝撃波が、ガードを貫通して対象を吹き飛ばす
素手 90,神秘魔法 20	紅蓮火竜拳	45	150	3000	通常攻撃HIT時に「 火竜の鉄拳 」が追加で発動する,※ドラゴンタイプに特効効果あり
素手1	サイクロン バキューム,(Cyclone Vacuum)	5	200	1550	サイクロン バスターで前方にある全ての物を吸い込む,発動に必要なBuff : お掃除モード
素手60	ジャンピング ヒップ アタック	28	120	1000	相手に背を向けながら臀部を後ろに突き出して対象の胸付近に飛び込む技,発動に必要なBuff : 荒くれ者 マスタリー
素手70,攻撃回避70	クロス カウンター,(Cross Counter)	33	90	1140	相手の攻撃をギリギリで交してカウンター気味にパンチを放つ
素手80	Ｂ ラッシュ,(B Rush)	38	275	1500	素手とキックの連続攻撃を繰り出すことができる,※素手のみでも発動できるがキックスキルが高いとダメージが増加する
素手80	オーラ ナックル,(Aura Knuckle)	38	140	1200	気を拳に集中させて威力を高めた一撃を放つ,※ダメージ反射効果を無効化してダメージを与える,※シールド ガードを貫通することはできない,発動に必要なBuff : 酔拳士 マスタリー or 荒くれ者 マスタリー
素手80	ブリッツ ラッシュ	38	335	1500	素手とキックの連続攻撃を繰り出すことができる,※素手のみでも発動できるが キックスキルが高いとダメージが増加する,発動に必要なBuff 特殊効果:ナックル
槍 40,精神力 30	マナ スラスト,(Mana Thrust)	MP30	135	1100	槍をマナの力で強化して 対象の防御を無効化する一撃を放つ
槍 70,強化魔法 70	ゲイル スラスト,(Gale Thrust)	33	125	1200	疾風の如き速さで 無数の突きを繰りだす
槍 70,水泳 40	アクア ダイブ	33	180	1250	水の力を纏った状態で大ジャンプを行い、,頭上めがけて槍を突き刺し水属性の追加ダメージを与える
槍 70,投げ 50	ジャベリン スロウ,(Javelin Throw)	33	130	1500,(191008以降)	装備した槍を前方の敵めがけて 全力で投げる,※対象を基準に 後方の敵も貫く 投げた武器の耐久は大幅に減少する投げた武器は失ってしまう
槍 80	ブレイン ブレイカー	38	150	1500	高速で無数の突きを繰り出し、対象のMPを削り取る,発動に必要なBuff : デュエリスト マスタリー
槍 80,強化魔法80	魔槍烈破	MP38	150	1200	闘気に魔力を乗せて放つ槍の秘技,※魔力が高いほどダメージが増加する
槍 80,戦闘技術 80,攻撃回避 80	パリィ カウンター,(Parry Counter)	38	95	1300	敵の攻撃を槍で受け流して反撃する
槍 90,攻撃回避 90	インフィニット スラスト	45	200	1350	目にも留まらぬ高速の連続突きで敵を翻弄する,※片手槍でのみ発動出来る
槍 90,水泳 90	ウォーター ストリーム,(Water Stream)	45	170	1100	水を操り 敵を押し流す,発動に必要なBuff : 海戦士 マスタリー
槍60	Ｖ ウェイブ,(V Wave)	28	180	1200	突き立てた槍が、幻影の高波を引き起こし,対象を巻き込む
槍60	ヴィジット ウェイブ	28	180	900	突き立てた槍が、幻影の高波を引き起こし,対象を巻き込む,発動に必要Buff 特殊効果:バトルフォーク
槍80	バーン ピール	38	280	1000	雷を呼び寄せ 周囲の敵を焼き払う,発動に必要Buff 特殊効果:トライデント
槍90,キック60	超ドラゴンフォール	45	205	1440	遥か上空へ大ジャンプを行い 落下中に空中制動して頭上から槍を突き立てる
槍90,戦闘技術60	ウインドミル スピアー,(Windmill Spear)	45	135	1650	槍を前方で高速回転させることで 敵の攻撃を跳ね返しダメージを与える,両手槍専用
鍛治 60,暗黒命令 30	デストロイ ウェポン,(Destroy Weapon)	28	150	1150	ターゲットに少量のダメージを与え、武器の耐久度を大幅に減らす
鍛冶90,裁縫90,木工90,装飾90,複製90,料理90,醸造90,薬調合90	ゴッド ハンド,(God Hand)	25	150	30300	極めしものが到達できる領域,使用アイテム : ゴッドアイ
着こなし30	氷鏡の壁	19	140	1140	物理攻撃を防ぐ氷の壁を生成して、壁に触れた対象を凍らす,発動に必要なBuff : 氷炎の使い手
着こなし80	ガードレイジ	38	150	1650	ダメージを軽減し、効果中にダメージを受けると確率で一時的に攻撃力が上昇する,発動に必要なBuff : デュエリスト マスタリー
着こなし80,戦闘技術70	アトラクト,(Attract)	28	140	1200	敵の注意を引き付けて味方を守る,発動に必要なBuff : ブレイブナイト マスタリー
着こなし80,物まね90	パーフェクト ミミック,(Perfect Mimic)	-	-	-	※151110パッチで仕様が変更されたため、物まねスキルの項目に移動,※下記短評も移動
調教 1	にゃんこ大集合	5	180	2150	マタタビの香りに釣られて猫たちが集まってくる,使用アイテム : マタタビ パウダー 1
調教 30	グルーミング ケア	15	200	1700	ペットを毛繕いすることでペットのパフォーマンスを向上させる,※攻撃、命中、回避、防御、魔力を8%上昇させる,発動に必要なBuff : グルーミング
調教 30,神秘魔法 30	制約の鎖	15	120	1320	魔法の鎖でペット1体の行動を制限して攻撃力と回避を一定時間半減させる
調教 40,集中力 40	スパート ウィップ,(Spurt Whip)	19	120	1200	ペットに追い込みをかけて一時的に移動速度を上昇させる
調教 50	トリミング ケア,(Trimming Care)	23	220	1120	ペットの身体的ケアからメンタル面のケアまでしっかりサポート！,※ペットにかかっているDEBUFFを消し去り、MPを回復する,発動に必要なBuff : ブリーダー マスタリー
調教1	リミット スペル	5	120	1620	ペットの呪文詠唱を制限する代わりにペットの成長率が少しだけ上昇する発動に必要なBuff : 犬笛
調教40	ひよこ鑑定	15	150	750	ひよこの性別を鑑定することができる,発動に必要なBuff : ブリーダー マスタリー
調教60	ブリーディング ウィップ,(Breeding Whip)	28	110	2510	ペットに特殊攻撃をさせる,※ペットが特殊攻撃を使える状態の時のみ発動する,発動に必要なBuff : ブリーダー マスタリー
調教90	エリア チェリッシング,(Area Cherishing)	45	220	1020	愛情を込めて周囲にいるペットを介抱し、HPを回復させる,発動に必要なBuff : ブリーダー マスタリー
釣り90	キャッチ ターゲット,(Catch Target)	35	595	800	極めし者の技 地上の獲物も軽々と釣り上げる,発動に必要なBuff : 海戦士 マスタリー,釣竿装備時のみ使用可能
刀剣 1	メダロット ソード	25	120	1300	威力の高い単体斬撃,※発動には近接武器を装備している必要があります,発動に必要なBuff : ロクショウ フォーム
刀剣 10,戦闘技術 10	レイジブロー,(Rage Blow)	9	150	1200	踏み込みと共に両手剣で斬り裂く攻撃
刀剣 30	斬り斬り舞,(Kirikirimai)	15	200	2200	回転で生じた風の刃が周囲の敵を切り刻む,発動に必要なBuff : 円月輪
刀剣 30,盗み 30	バックスタブ,(Back Stab)	15	120	1200	相手の背後から片手剣を急所に突き刺し、ダメージを与える,背後以外から発動できない
刀剣 40	刈り払い,(Karibarai)	19	120	800	防具の隙間を素早く横に薙ぎ払うように斬りつける,発動に必要なBuff : フォレスター マスタリー
刀剣 40,暗黒命令 40	ヘイトレッド,(Hatred)	19	200	1200	勢いよく踏み込むと共に剣を上から振り下ろす攻撃
刀剣 50,知能 30	レッグ スラッシュ,(Leg Slash)	23	155	1100	両足を斬り付け動きを鈍らす,※対象の移動速度上昇技を無効化させる
刀剣 60,牙 40	ヴァイパー ストラッシュ	28	180	1200	腕の腱を傷つける攻撃で出血させ、継続的なダメージと命中率ダウン効果を与える
刀剣 70	弧月破斬	33	130	1250	神速の居合から剣圧による斬撃を飛ばす,発動に必要なBuff : サムライ マスタリー or 神霊の加護
刀剣 70,筋力 80	大切断	33	140	1350	大木を切り倒すような強力な一撃で敵を斬りつける
刀剣 70,自然調和 50	一閃,(Thrust Sword)	33	120,(80)	1200	一瞬で間合いを詰めて 敵を貫く
刀剣 70,生命力 90	背水の一閃	33	160	2000	HPが少ないほど威力が上昇する捨て身の一撃
刀剣 80	アサシネイト	38	120	2000	敵に気づかれずに背後から攻撃することで大ダメージを与える暗殺術,背後以外から攻撃出来ない,発動に必要なBuff : アサシン マスタリー
刀剣 80	乱れ桜,(Cherry Flowers)	38	300	1200	桜吹雪の幻影と共に 一瞬で敵の周囲を切りつける美技,発動に必要なBuff:サムライ マスタリー
刀剣 90	回転斬り,(Spinning Slash)	45	160	1300	リヴァイが得意とする高速回転切り。,※空中で発動可能,,※限定課金アイテムなので複合に記載。
刀剣 90	居合斬り,(Iai)	45	180	1500	異国の剣士が編み出した秘奥義の一つ。対象の装甲を貫く目にも止まらぬ音速の一撃。,発動に必要なBuff : サムライ マスタリー
刀剣 90	桜花一閃	45	150	1500	桜吹雪と共に一閃を放ち、舞い散る花びらが対象の視界を奪う,発動に必要なBuff : サムライ マスタリー or 桜花爛漫
刀剣 90	天輪・繚乱の剣,(***)	45	220	1500	すれ違い様に、無数の刃が対象を連続で切り裂く,※発動には左右に刀剣武器を装備する必要がある,発動に必要なBuff : ウォーリア― マスタリー or サムライ マスタリー, or 騎士(ザ・ナイト)
刀剣 90,攻撃回避70	燕返し	45	190	1500	水平斬りから素早く反転させて斬りつける技,二太刀目は必中の一撃となる,発動に必要なBuff : サムライ マスタリー
刀剣 90,精神力 40	雷光十字剣	45	180	1500	左の初撃で対象の動きを止めて右の追撃で雷ダメージを与える,※発動には左右に刀剣武器を装備する必要がある
刀剣 90,精神力 70	牙斬,(Gazan)	45	170	1000	左に持った武器で攻撃を弾き,怯んだ相手に斬撃を与える二段攻撃,発動に必要なBuff : サムライ マスタリー
刀剣 90,戦闘技術 90	真・剣聖乱舞,(Sword Ranbu)	45	530	1100	刀剣攻撃の奥義,相手に素早い剣撃を浴びせかけ 上空からの攻撃で止めを刺す,途中で空振りすると 攻撃は止まってしまう
刀剣 90,戦闘技術70	焔の舞	45	130	1200	全身に炎を纏った渾身の一撃で敵を焼き尽くす
刀剣60	ブラスト スラッシュ	28	100	900	疾風の如く 対象へ斬撃を飛ばす攻撃,発動に必要なBuff 特殊効果:ロングソード
刀剣80	Ｂ ビート,(B Beat)	38	190	1100	武器を大きく振りかぶり幾多の敵を薙ぎ払う攻撃,両手刀剣専用
刀剣80	アース ブロウ	38	260	1000	強烈な一振りから生み出された衝撃が大地を駆け抜ける,発動に必要なBuff 特殊効果:バトルアックス
刀剣80	デス ミスチェ	38	180	1000	死神が対象の行動を制限させる,死神に目を付けられた者は視界を遮られ逃げ惑うことしかできなくなる,発動に必要なBuff 特殊効果:サイス,与ダメージ無し
刀剣80	ブランディッシュ ビート	38	240	1000	武器を大きく振りかぶり幾多の敵を薙ぎ払う攻撃,発動に必要なBuff 特殊効果:グレートソード
刀剣80,戦闘技術80	ライジング スラッシュ	38	140	1250	下から上へ垂直に飛び上がりながら斬りつける剣技
刀剣90,神秘魔法70	ソード オブ レガリア	45	200	1500	魔法剣を召喚して対象に物理ダメージと属性ダメージを与える,※火・水・風・地属性の中から最も高い属性の魔法剣を呼び出す,（同数値の場合ランダム）
投げ 30,薬調合 30	ダーティー スロウ	19	120	920	対象に汚物と共に投げつけて追加で毒ダメージを与える
投げ 70	インファリブル スロウ,(Infallible Throw)	33	110	1380	3連続で対象に向かって魔力を帯びた投擲武器を投げつけ、障害物で遮られても必ず当てることが出来る技,※シールドガード等の技によって防ぐことは可能,発動に必要なBuff : アサシン マスタリー
投げ 8,暗黒命令 8	プリニー落とし	10	180	1200	その技のために一体どれだけのプリニーを犠牲にしたんだァッー！
投げ 80,戦闘技術 60	無限風刃	38	180	1400	無数の風の刃を放ち対象を切り刻む,※使用には スロウ系ナイフ が必要となります。,使用アイテム : スロウ系ナイフ
投げ 90,破壊魔法 50	レール ショット,(Mystic of Railshot)	45	160	1360	雷の電磁力を体内から腕へと巡らせ,加速させた電磁力と共に 投てき武器を撃ちだす
投げ80	風魔手裏剣	38	150	600	高い威力と補正能力を持つ卍型の巨大な手裏剣を召喚する。,発動に必要なBuff : アサシン マスタリー
盗み 40,筋力 50	ディスポイル	19	120	1800	対象に物理ダメージを与え、さらにアイテムを盗むことができる,※対象のHPが少ないほど成功率が上がります
盗み 70,解読 40	ディテクション レーダー	33	150	2200	周囲200mのPCやNPCを捕捉して、レーダー上に表示する,※一定時間経過か行動でキャンセルされる
盗み10,攻撃回避10	スワット,(Swat)	9	90	800	片手武器で相手の武器を叩き、武器破壊や武器落としを狙う技,※対Mobでは攻撃力を少し下げる
盗み40,死の魔法40	ソウル スティール,(Soul Steal)	19	150	1150	闇の力で対象のスタミナとマナ・ポイントを盗む
盗み60	タイダウン ローピング,(Tie Down Roping)	28	160	1360	盗みの力を加えたベルトを対象に投げ,捕らえた対象の行動を盗む,※移動速度、攻撃速度、詠唱速度が低下する,発動に必要なBuff : アドベンチャラー マスタリー,使用アイテム : ベルト×４ 縄×１ 110419アイテム変更
盗み70,暗黒命令30	ビジョン スティール	33	150	2150	一定時間、対象の視点で盗み見ることができる
盗み90	シークレット シーフ,(Secret Thief)	45	140	1640	集中力を高めて 一定時間 盗める確率を上昇させる,発動に必要なBuff : スパイ マスタリー or アドベンチャラー マスタリー
破壊魔法 1	プロメテウスの炎,(Prometheus Flame)	20	130	450	杖の力を借りて炎の玉を放つ,※スキルが足りなくても発動可能、破壊魔法スキルで威力が上がる,発動に必要なBuff : 火神の力
伐採 30,木工 70	フェリング スラッシュ,(Felling Slash)	28	100	800	伐採で鍛え上げられた肉体から繰り出される一撃,伐採斧専用
伐採40,木工40	エリア フェリング	19	150	1000	遠心力を利用して周囲の大木を切り倒す
美容 1	フレグランス ストーム	30	200	5400	周囲にフレグランスを撒き、浴びたものの汚れ具合を少し回復する,※美容スキルが高いとディレイが短くなる,発動に必要なBuff : フレグランス
美容15	ねじりんポール,(Sign Pole)	15	150	750	美容師の看板となるオブジェクトを召喚する
美容70	エリア クリーニング,(Area Cleaning)	28	220	1800	周囲を洗浄し、汚れとともにDebuffを一つ洗い流す,使用アイテム : シャンプー×３,発動に必要なBuff : ハウスキーパー マスタリー
物まね 1	アシミレイト	10	150	1750	背景と同化して敵に気付かれにくくなる,発動に必要なBuff : カメレオン アイ
物まね 80	石化の術	39	120	2320	大きな石に変化して自然と一体化することで敵を欺く忍術,※移動や行動で術が解ける,発動に必要なBuff : アサシン マスタリー と 秘奥義
物まね 80,戦闘技術60	コピー ミミック	38	150	2150	コピー能力のある分身を出現させて、敵のこうげきを模倣する,※一部の範囲技や特定の武器が必要な技は発動できない
物まね1	地蔵変化,(Jizo Form)	20	120	1120	地蔵に変身して物理攻撃を防ぐ,※変身中は移動、行動不可,発動に必要なBuff : 大きな葉っぱ
物まね1	大凧の術,(Ninja Art ”Big Kite”)	5	0	1500	追い風を受けることで風に乗って大空を飛ぶことができる術,※空中で発動可能,発動に必要なBuff : 忍者凧
物まね30,神秘魔法70	ロック ミミック,(Rock Mimic)	40	60	1260	イワへと姿を変え、自然と一体化して敵を欺く,最大HP防御力、土属性が大幅上昇、回避が大幅に下がる,発動に必要なBuff : マイン ビショップ マスタリー
物まね40	フラワー ミミック	19	20	2020	花に擬態することで敵の目をごまかしやり過ごすことができる,※移動や行動を起こすと解除される,※ヘイトが乗った状態では効果が無い,発動に必要なBuff : ハナカマキリ？？？
物まね40,自然調和40	ツリー ミミック	19	20	2020	完全に自然と融合することで敵から認識されなくなる技,※移動や行動を起こすと解除される,※ヘイトが乗った状態では効果が無い,※BOSS等の一部のモンスターには効果が無い,発動に必要なBuff : 木の心
包帯 1	ブラッド ドロー	10	120	1100	注射で対象の血液を採取する,※HPとMPを吸収する,発動に必要なBuff : 白衣の天使
包帯1	イントラヴィーナス ドリップ	10	120	1000	対象に点滴を打つことでスタミナの自然回復を大幅に上昇させる,発動に必要なBuff : 白衣の天使
魔法熟練 60,精神力 60	全力全開,(Full Power)	28	170	2000	防御力が低下し魔法使用時の消費MPが増えるが、一時的に魔力を大幅に上げることができる,※ジャンプで解除可能
魔法熟練 70	スペル エンハンス	33	150	2000	MPの消費量が増加するが、破壊魔法の効果を大幅に上昇させる,※ジャンプで解除可能,発動に必要なBuff : アルケミスト マスタリー
魔法熟練50	マジック スプリング,(Magic Spring)	MP28	0	70	宙に魔法の足場を出現させて飛び跳ねるように移動することができる,発動に必要なBuff : アルケミスト マスタリー
魔法熟練70	リフレクト バリア,(Reflect Barrier)	33	120	1320	魔法の障壁で 魔法と遠距離攻撃を跳ね返す,発動に必要なBuff : アルケミスト マスタリー
魔法熟練70,集中力70	フルバースト マジック	33	170	2000	魔法使用時の消費MPが増えるが、一時的に魔力を大幅に上げることができる,※ジャンプで解除可能
魔法熟練70,神秘魔法70	リプレイス マナ,(Replace Mana)	33	120	2020	MPが0になるまで ダメージをMPで受ける,※MP以上のダメージを受けた場合はHPが減ります,※ジャンプキャンセル可
木工 1	ガゼボ召喚	40	150	750	屋根と柱だけで構成された休憩用の建造物を設置する
木工1	こたつ召喚	5	150	750	遠赤外線効果のある暖房器具を設置する,※ 課金アイテムなので複合に記載。
木工60,鍛冶60	弩車召喚	28	150	1800	ドワーフが発明した強力なバネの力で巨大な矢を放つ特製の弩車を召喚する。,使用アイテム : 弩車
薬調合 1	魔女の大釜	5	120	1200	『 薬調合 』や『 染色 』が可能な魔女の大釜を召喚する,※調合スキルが一定以上で特別なポーションを合成できる,※条件を満たすと右クリックメニューでレシピが表示される,※合成はコンバインではなく魔女の大釜にトレードしてください
薬調合 70	火遁の術,(Ninja Art ”Fire”)	33	180	1080	口から巨大な火の玉を飛ばす忍術,炎ダメージと火傷によるスリップダメージを与える,発動に必要なBuff:アサシン マスタリー,使用アイテム : グレート エクスプロード ポーション
薬調合 80	炎遁の術	39	180	1680	口から巨大な炎の塊を飛ばす忍術,対象に火属性の魔法ダメージを与える,発動に必要なBuff : アサシン マスタリー と 秘奥義,使用アイテム : グレート エクスプロード ポーション 1
薬調合1	オンステージ,(On Stage)	20	100	4100	頭上にミラーボールを設置する,使用アイテム : グレート ライト ポーション,,※周囲のPCへの負荷が非常に大きいため、使用環境によってはゲーム進行に支障をきたす。
薬調合1	ワイド スターマイン,(Wide Star Mine)	5	100	1600	広範囲に連続で打ち上がる花火を設置する,使用アイテム : エクスプロード ポーション×３
落下耐性70,パフォーマンス40	ランディング アチチュード,(Landing Attitude)	33	120	920	どんな高所からも完璧な着地姿勢を取ることでダメージを軽減することができる,※空中で発動可
料理 1	ロイヤルアフタヌーン,(Royal Afternoon)	5	150	750	おしゃれなガーデンチェアとガーデンテーブルを召喚する,※ ロイヤルアフタヌーンセットに同梱（盾、召喚複合技の2点セット）
料理 1	茶道セット	5	450	1450	茶道セットを召喚する,※必要スキルに「取引」がありますが、スキル値0でも使用できます。
料理 10	お好み焼き屋	40	150	750	お好み焼き屋台を設置する
料理 10	かき氷屋	40	150	750	かき氷屋を設置することができる,「氷」を3個渡すことで周囲に任意のBUFF効果を付与することができる,使用アイテム : 氷
料理 30	トリプル フィレッツ,(Triple Fillets)	27	150	1050	魚を捌くかのように対象を切る,発動に必要なBuff : 厨房師 マスタリー
料理 30,投げ 10	パイ投げ,(Pie Throw)	9	110	1200	ケーキを対象の顔めがけて投げつける,使用アイテム : ショート ケーキ
料理 60	サウザンド スラッシュ	45	120	1000	無数の刃が食材を切り刻む,※発動には刀剣武器が必要です。,※対象は収穫可能なオブジェクト（mob）のみです。,,※イベント産出、及び料理か収穫なのか曖昧なので複合に記載。
料理1	セレブレイション ディナー	5	150	750	ディナー用のテーブルとイスと料理を召喚する,,ディナー用テーブルとイスの近くでBuff「テイスティング」を発動させると「大人なデート」が発動する,大人なデート：誰にも邪魔されない大人なデート気分を味わえるかも！？,※お相手はご自身でお探しください。
料理1	ランチ タイム,(Lunch Time)	5	450	1450	ピクニックセットを召喚する,※アイテム「ピクニックセット」をUSEすると入手。,使用アイテム : ピクニック 休息セット ×１＋１
料理1	狩人の食卓	5	150	750	獲物を焼くためのたき火セットを召喚する
料理30	ボンファイヤー,(Bonfire)	10	150	20150	たき火を設置する,※たき火の近くで座ると自然回復量が上昇する,※火が消えている場合は効果がありません,※丸太を追加することで燃焼時間を延長させることができる,使用アイテム : 丸太 ×３～,,※生産外及び黒の廟堂産出テクなので（暫定的に）複合に記載。
棍棒60	ワイルド ヒット	28	220	900	素早く３連打を繰り出す,発動に必要なBuff 特殊効果：ウォーメイス
棍棒80	スピリチュアル ブラント	38	250	1000	魂をこめた渾身の一撃,発動に必要なBuff 特殊効果：ウォーハンマー
罠 30	ソーン プリズン	15	150	1650	吸血植物の茨で対象を閉じ込めて徐々に体力を奪う,発動に必要なBuff : 茨の契約
罠 40	クロスファイアー ボム,(Cross Fire Bomb)	21	60	340	お手製の特殊な爆弾を設置する,※自分が爆発の範囲内にいた場合はダメージを受ける,※範囲内に他の爆弾がある場合は誘爆する,※スキル値が高いほど、威力や射程が増加する,発動に必要なBuff : 爆弾男 マスタリー,使用アイテム : グレート エクスプロード ポーション
罠 70	リモコン爆弾	33	60	1260	遠隔で起爆可能な爆弾を設置する,発動に必要なBuff : 爆弾男 マスタリー
罠 70,自然調和 50	落石トラップ	33	100	2000	落石注意の看板を設置して、周囲に落石を発生させる
罠 80,暗黒命令 80	スパイダー ネット,(Spider Net)	38	170	1370	蜘蛛の糸を撃ちだし 絡めて動きを鈍らせる,使用アイテム : スパイダー シルク１
罠 80,薬調合 80,呪文抵抗力 80	セット マイン,(Set Mine)	38	100	2000	地雷を設置することができる,使用アイテム : グレート エクスプロード ポーション
罠 90	ボンバー エクスプロージョン,(Bomber Explosion)	45	400	1500	自分の周りにいる敵を巻き込んで自爆する,発動に必要なBuff : 爆弾男 マスタリー
罠 90,薬調合 90	タイム ボム,(Time Bomb)	45	125	1300	時限式の爆弾を対象に設置する,制限時間内に解除できなければ大ダメージを受ける
罠50,暗黒命令40	トラップ ボックス	23	150	2150	近寄った者を襲う人食い宝箱を設置する
罠60,自然調和50	底なし沼	28	60	1400	粘土の高い泥状の沼を地面に設置して沼に落ちた敵の動きを止める,使用アイテム : 泥1
罠70,暗黒命令50	キープアウト トラップ	33	100	2300	立入禁止の看板を設置して、範囲内への敵の侵入を妨害する
酩酊 40	酔避連撃,(Suihi Rengeki)	19	500	1460	酔拳の動きで相手を翻弄し 紙一重で相手の攻撃を避け,強力な連続攻撃を繰り出す,発動に必要なBuff : 酔拳士 マスタリー
酩酊 80	練気弾,(Energy Shot)	100	250	1650	生命エネルギーを溜めて放つ,スタミナ消費は激しいが 無属性の魔法ダメージを与えることができる,発動に必要なBuff : 酔拳士 マスタリー